timestamp,value
2015-08-31 18:22:00,90
2015-08-31 18:32:00,80
2015-08-31 18:57:00,84
2015-08-31 19:07:00,94
2015-08-31 19:12:00,90
2015-08-31 19:17:00,91
2015-08-31 19:47:00,62
2015-08-31 20:12:00,96
2015-08-31 20:27:00,75
2015-08-31 20:42:00,84
2015-08-31 20:47:00,86
2015-08-31 20:52:00,93
2015-08-31 21:22:00,69
2015-08-31 21:27:00,88
2015-08-31 21:32:00,71
2015-08-31 21:47:00,74
2015-08-31 21:57:00,68
2015-08-31 22:07:00,88
2015-08-31 22:17:00,71
2015-08-31 22:22:00,87
2015-08-31 22:27:00,82
2015-08-31 23:37:00,68
2015-08-31 23:57:00,73
2015-09-01 00:07:00,69
2015-09-01 00:12:00,57
2015-09-01 00:17:00,43
2015-09-01 00:22:00,47
2015-09-01 00:47:00,73
2015-09-01 00:57:00,78
2015-09-01 01:07:00,83
2015-09-01 01:32:00,87
2015-09-01 01:52:00,77
2015-09-01 02:22:00,80
2015-09-01 02:37:00,69
2015-09-01 02:47:00,63
2015-09-01 03:02:00,78
2015-09-01 03:27:00,66
2015-09-01 03:47:00,72
2015-09-01 03:52:00,54
2015-09-01 04:02:00,73
2015-09-01 04:07:00,82
2015-09-01 04:22:00,90
2015-09-01 04:27:00,92
2015-09-01 04:37:00,63
2015-09-01 04:52:00,69
2015-09-01 05:02:00,97
2015-09-01 05:12:00,85
2015-09-01 05:20:00,86
2015-09-01 05:25:00,84
2015-09-01 05:30:00,88
2015-09-01 05:40:00,78
2015-09-01 05:45:00,88
2015-09-01 05:50:00,80
2015-09-01 06:10:00,75
2015-09-01 06:15:00,88
2015-09-01 06:20:00,69
2015-09-01 06:25:00,84
2015-09-01 06:30:00,76
2015-09-01 06:35:00,84
2015-09-01 06:40:00,87
2015-09-01 06:45:00,87
2015-09-01 06:50:00,67
2015-09-01 06:55:00,62
2015-09-01 07:00:00,84
2015-09-01 07:05:00,89
2015-09-01 07:10:00,81
2015-09-01 07:15:00,84
2015-09-01 07:20:00,85
2015-09-01 07:25:00,89
2015-09-01 07:30:00,81
2015-09-01 07:40:00,91
2015-09-01 07:45:00,82
2015-09-01 07:50:00,94
2015-09-01 07:55:00,85
2015-09-01 08:00:00,102
2015-09-01 08:05:00,76
2015-09-01 08:10:00,86
2015-09-01 08:15:00,87
2015-09-01 08:30:00,83
2015-09-01 08:35:00,93
2015-09-01 08:40:00,87
2015-09-01 08:45:00,80
2015-09-01 08:50:00,87
2015-09-01 08:55:00,75
2015-09-01 09:00:00,75
2015-09-01 09:05:00,68
2015-09-01 09:10:00,94
2015-09-01 09:15:00,77
2015-09-01 09:20:00,82
2015-09-01 09:25:00,94
2015-09-01 09:30:00,78
2015-09-01 09:50:00,84
2015-09-01 10:05:00,82
2015-09-01 10:10:00,100
2015-09-01 10:20:00,68
2015-09-01 10:35:00,81
2015-09-01 10:45:00,93
2015-09-01 10:50:00,91
2015-09-01 10:55:00,78
2015-09-01 10:59:00,77
2015-09-01 11:05:00,85
2015-09-01 11:10:00,84
2015-09-01 11:15:00,72
2015-09-01 11:25:00,58
2015-09-01 11:30:00,80
2015-09-01 11:45:00,66
2015-09-01 11:50:00,86
2015-09-01 11:55:00,74
2015-09-01 12:00:00,86
2015-09-01 12:05:00,71
2015-09-01 12:10:00,87
2015-09-01 12:25:00,73
2015-09-01 12:40:00,76
2015-09-01 12:45:00,66
2015-09-01 12:55:00,68
2015-09-01 13:00:00,86
2015-09-01 13:10:00,90
2015-09-01 13:20:00,83
2015-09-01 13:35:00,75
2015-09-01 13:40:00,84
2015-09-01 13:45:00,88
2015-09-01 13:50:00,85
2015-09-01 13:55:00,92
2015-09-01 14:00:00,94
2015-09-01 14:05:00,92
2015-09-01 14:20:00,77
2015-09-01 14:25:00,93
2015-09-01 14:35:00,77
2015-09-01 14:40:00,73
2015-09-01 14:45:00,88
2015-09-01 14:50:00,76
2015-09-01 14:55:00,93
2015-09-01 15:20:00,76
2015-09-01 17:15:00,87
2015-09-01 17:25:00,90
2015-09-01 17:30:00,91
2015-09-01 17:35:00,102
2015-09-01 17:45:00,75
2015-09-01 17:55:00,68
2015-09-01 18:10:00,81
2015-09-01 18:45:00,93
2015-09-01 18:50:00,93
2015-09-01 19:00:00,84
2015-09-01 19:05:00,87
2015-09-01 19:10:00,80
2015-09-01 19:20:00,86
2015-09-01 19:25:00,67
2015-09-01 19:30:00,94
2015-09-01 19:40:00,79
2015-09-01 19:55:00,70
2015-09-01 20:00:00,82
2015-09-01 20:05:00,85
2015-09-01 20:10:00,88
2015-09-01 20:20:00,85
2015-09-01 20:25:00,72
2015-09-01 20:30:00,78
2015-09-01 20:45:00,79
2015-09-01 20:55:00,80
2015-09-01 21:05:00,65
2015-09-01 21:25:00,80
2015-09-01 21:40:00,69
2015-09-01 22:30:00,91
2015-09-01 22:35:00,97
2015-09-01 22:40:00,94
2015-09-01 22:45:00,96
2015-09-01 23:01:00,77
2015-09-01 23:05:00,79
2015-09-01 23:10:00,78
2015-09-01 23:20:00,71
2015-09-01 23:40:00,88
2015-09-02 00:00:00,76
2015-09-02 00:05:00,71
2015-09-02 00:15:00,64
2015-09-02 00:20:00,66
2015-09-02 00:35:00,74
2015-09-02 01:00:00,70
2015-09-02 01:35:00,75
2015-09-02 02:10:00,79
2015-09-02 02:25:00,71
2015-09-02 02:40:00,74
2015-09-02 03:05:00,95
2015-09-02 03:10:00,98
2015-09-02 03:35:00,92
2015-09-02 04:15:00,66
2015-09-02 04:20:00,67
2015-09-02 04:25:00,59
2015-09-02 04:30:00,75
2015-09-02 04:35:00,90
2015-09-02 04:45:00,76
2015-09-02 04:50:00,71
2015-09-02 05:00:00,87
2015-09-02 05:05:00,89
2015-09-02 05:15:00,79
2015-09-02 05:20:00,77
2015-09-02 05:25:00,84
2015-09-02 05:30:00,84
2015-09-02 05:35:00,87
2015-09-02 05:45:00,93
2015-09-02 05:50:00,83
2015-09-02 05:55:00,88
2015-09-02 06:00:00,90
2015-09-02 06:05:00,89
2015-09-02 06:10:00,84
2015-09-02 06:15:00,88
2015-09-02 06:20:00,95
2015-09-02 06:25:00,86
2015-09-02 06:30:00,79
2015-09-02 06:35:00,89
2015-09-02 06:40:00,79
2015-09-02 06:45:00,75
2015-09-02 06:50:00,84
2015-09-02 06:55:00,83
2015-09-02 07:00:00,74
2015-09-02 07:05:00,64
2015-09-02 07:10:00,75
2015-09-02 07:15:00,72
2015-09-02 07:20:00,88
2015-09-02 07:25:00,76
2015-09-02 07:30:00,73
2015-09-02 07:35:00,86
2015-09-02 07:40:00,87
2015-09-02 07:45:00,87
2015-09-02 07:50:00,83
2015-09-02 07:55:00,88
2015-09-02 08:00:00,85
2015-09-02 08:05:00,83
2015-09-02 08:10:00,86
2015-09-02 08:15:00,84
2015-09-02 08:20:00,72
2015-09-02 08:30:00,81
2015-09-02 08:35:00,86
2015-09-02 08:45:00,69
2015-09-02 08:50:00,57
2015-09-02 08:55:00,83
2015-09-02 09:00:00,90
2015-09-02 09:05:00,74
2015-09-02 09:10:00,63
2015-09-02 09:20:00,85
2015-09-02 09:30:00,73
2015-09-02 09:35:00,83
2015-09-02 09:40:00,74
2015-09-02 09:50:00,67
2015-09-02 09:55:00,89
2015-09-02 10:00:00,89
2015-09-02 10:10:00,81
2015-09-02 10:15:00,89
2015-09-02 10:20:00,75
2015-09-02 10:25:00,77
2015-09-02 10:30:00,67
2015-09-02 10:35:00,90
2015-09-02 10:40:00,88
2015-09-02 10:45:00,96
2015-09-02 10:50:00,79
2015-09-02 11:00:00,89
2015-09-02 11:15:00,93
2015-09-02 11:20:00,72
2015-09-02 11:25:00,93
2015-09-02 11:30:00,72
2015-09-02 11:35:00,76
2015-09-02 12:00:00,86
2015-09-02 12:05:00,78
2015-09-02 12:10:00,89
2015-09-02 12:15:00,75
2015-09-02 12:25:00,87
2015-09-02 12:35:00,83
2015-09-02 12:40:00,77
2015-09-02 12:45:00,92
2015-09-02 12:50:00,82
2015-09-02 12:55:00,82
2015-09-02 13:05:00,82
2015-09-02 13:10:00,84
2015-09-02 13:15:00,75
2015-09-02 13:20:00,79
2015-09-02 13:25:00,72
2015-09-02 13:30:00,96
2015-09-02 13:35:00,75
2015-09-02 13:40:00,66
2015-09-02 13:45:00,89
2015-09-02 13:50:00,74
2015-09-02 13:55:00,87
2015-09-02 14:05:00,81
2015-09-02 14:15:00,90
2015-09-02 14:20:00,79
2015-09-02 14:25:00,82
2015-09-02 14:30:00,93
2015-09-02 14:35:00,71
2015-09-02 14:50:00,90
2015-09-02 14:55:00,97
2015-09-02 15:05:00,81
2015-09-02 15:10:00,85
2015-09-02 15:15:00,78
2015-09-02 15:20:00,78
2015-09-02 15:25:00,70
2015-09-02 15:30:00,99
2015-09-02 15:35:00,85
2015-09-02 15:40:00,98
2015-09-02 15:45:00,82
2015-09-02 15:50:00,74
2015-09-02 16:05:00,84
2015-09-02 16:15:00,93
2015-09-02 16:20:00,90
2015-09-02 16:25:00,91
2015-09-02 16:30:00,77
2015-09-02 16:50:00,83
2015-09-02 16:55:00,80
2015-09-02 17:00:00,84
2015-09-02 17:10:00,78
2015-09-02 17:20:00,80
2015-09-02 17:35:00,73
2015-09-02 17:45:00,80
2015-09-02 18:05:00,82
2015-09-02 18:10:00,79
2015-09-02 18:15:00,68
2015-09-02 18:20:00,75
2015-09-02 18:30:00,94
2015-09-02 18:35:00,76
2015-09-02 18:45:00,93
2015-09-02 18:50:00,77
2015-09-02 19:00:00,84
2015-09-02 19:05:00,88
2015-09-02 19:10:00,98
2015-09-02 19:15:00,81
2015-09-02 19:21:00,78
2015-09-02 19:26:00,81
2015-09-02 19:46:00,87
2015-09-02 19:56:00,94
2015-09-02 20:11:00,91
2015-09-02 20:46:00,81
2015-09-02 20:56:00,85
2015-09-02 21:00:00,93
2015-09-02 21:16:00,84
2015-09-02 21:21:00,81
2015-09-02 21:31:00,72
2015-09-02 21:36:00,91
2015-09-02 21:46:00,72
2015-09-02 21:51:00,72
2015-09-02 22:11:00,82
2015-09-02 22:21:00,74
2015-09-02 22:31:00,85
2015-09-02 22:36:00,89
2015-09-02 22:41:00,75
2015-09-02 22:51:00,74
2015-09-02 23:51:00,82
2015-09-03 00:01:00,73
2015-09-03 00:11:00,62
2015-09-03 00:21:00,66
2015-09-03 00:36:00,71
2015-09-03 00:41:00,78
2015-09-03 00:51:00,92
2015-09-03 01:21:00,68
2015-09-03 01:26:00,73
2015-09-03 01:51:00,79
2015-09-03 01:56:00,79
2015-09-03 02:01:00,76
2015-09-03 02:11:00,80
2015-09-03 02:16:00,79
2015-09-03 02:21:00,83
2015-09-03 03:11:00,73
2015-09-03 03:21:00,64
2015-09-03 03:26:00,64
2015-09-03 03:46:00,73
2015-09-03 03:51:00,71
2015-09-03 04:06:00,67
2015-09-03 04:11:00,74
2015-09-03 04:16:00,84
2015-09-03 04:36:00,90
2015-09-03 04:56:00,68
2015-09-03 05:01:00,79
2015-09-03 05:06:00,92
2015-09-03 05:11:00,87
2015-09-03 05:21:00,71
2015-09-03 05:26:00,90
2015-09-03 05:31:00,88
2015-09-03 05:36:00,93
2015-09-03 05:41:00,91
2015-09-03 05:46:00,93
2015-09-03 05:51:00,83
2015-09-03 05:56:00,82
2015-09-03 06:01:00,89
2015-09-03 06:06:00,86
2015-09-03 06:11:00,88
2015-09-03 06:16:00,80
2015-09-03 06:21:00,97
2015-09-03 06:26:00,94
2015-09-03 06:36:00,86
2015-09-03 06:41:00,93
2015-09-03 06:46:00,86
2015-09-03 06:51:00,89
2015-09-03 06:56:00,67
2015-09-03 07:01:00,94
2015-09-03 07:06:00,89
2015-09-03 07:11:00,86
2015-09-03 07:16:00,82
2015-09-03 07:21:00,80
2015-09-03 07:26:00,91
2015-09-03 07:31:00,90
2015-09-03 07:36:00,89
2015-09-03 07:41:00,81
2015-09-03 07:46:00,74
2015-09-03 07:51:00,94
2015-09-03 07:56:00,76
2015-09-03 08:01:00,88
2015-09-03 08:11:00,92
2015-09-03 08:16:00,78
2015-09-03 08:21:00,78
2015-09-03 08:26:00,75
2015-09-03 08:31:00,71
2015-09-03 08:36:00,80
2015-09-03 08:41:00,90
2015-09-03 08:46:00,87
2015-09-03 08:56:00,94
2015-09-03 09:01:00,77
2015-09-03 09:06:00,82
2015-09-03 09:16:00,87
2015-09-03 09:21:00,71
2015-09-03 09:26:00,79
2015-09-03 09:31:00,94
2015-09-03 09:36:00,98
2015-09-03 09:41:00,83
2015-09-03 09:56:00,70
2015-09-03 10:01:00,77
2015-09-03 10:06:00,73
2015-09-03 10:11:00,83
2015-09-03 10:16:00,89
2015-09-03 10:26:00,60
2015-09-03 10:31:00,73
2015-09-03 10:36:00,91
2015-09-03 10:41:00,80
2015-09-03 10:46:00,82
2015-09-03 10:51:00,96
2015-09-03 11:01:00,79
2015-09-03 11:06:00,82
2015-09-03 11:16:00,84
2015-09-03 11:21:00,74
2015-09-03 11:26:00,88
2015-09-03 11:36:00,86
2015-09-03 11:46:00,94
2015-09-03 12:01:00,73
2015-09-03 12:06:00,83
2015-09-03 12:11:00,76
2015-09-03 12:16:00,78
2015-09-03 12:21:00,76
2015-09-03 12:31:00,92
2015-09-03 12:41:00,83
2015-09-03 12:46:00,76
2015-09-03 12:51:00,78
2015-09-03 12:56:00,97
2015-09-03 13:01:00,83
2015-09-03 13:06:00,69
2015-09-03 13:11:00,71
2015-09-03 13:21:00,92
2015-09-03 13:26:00,91
2015-09-03 13:31:00,92
2015-09-03 13:41:00,77
2015-09-03 13:46:00,84
2015-09-03 14:01:00,81
2015-09-03 14:06:00,62
2015-09-03 14:11:00,83
2015-09-03 14:16:00,82
2015-09-03 14:21:00,96
2015-09-03 14:26:00,96
2015-09-03 14:31:00,89
2015-09-03 14:41:00,102
2015-09-03 14:46:00,89
2015-09-03 14:56:00,82
2015-09-03 15:01:00,80
2015-09-03 15:06:00,87
2015-09-03 15:11:00,85
2015-09-03 15:16:00,71
2015-09-03 15:21:00,73
2015-09-03 15:26:00,72
2015-09-03 15:31:00,94
2015-09-03 15:36:00,73
2015-09-03 15:41:00,83
2015-09-03 15:46:00,89
2015-09-03 15:51:00,83
2015-09-03 15:56:00,91
2015-09-03 16:06:00,91
2015-09-03 16:21:00,79
2015-09-03 16:31:00,72
2015-09-03 16:36:00,82
2015-09-03 16:41:00,71
2015-09-03 16:46:00,80
2015-09-03 16:56:00,87
2015-09-03 17:01:00,81
2015-09-03 17:06:00,97
2015-09-03 17:11:00,84
2015-09-03 17:16:00,88
2015-09-03 17:21:00,86
2015-09-03 17:26:00,81
2015-09-03 17:36:00,91
2015-09-03 17:41:00,79
2015-09-03 17:46:00,88
2015-09-03 17:51:00,99
2015-09-03 17:56:00,92
2015-09-03 18:01:00,81
2015-09-03 18:11:00,85
2015-09-03 18:16:00,82
2015-09-03 18:21:00,78
2015-09-03 18:31:00,84
2015-09-03 18:36:00,87
2015-09-03 18:41:00,70
2015-09-03 18:51:00,84
2015-09-03 19:06:00,85
2015-09-03 19:11:00,78
2015-09-03 19:21:00,91
2015-09-03 19:26:00,79
2015-09-03 20:02:00,87
2015-09-03 20:12:00,74
2015-09-03 20:17:00,90
2015-09-03 20:22:00,81
2015-09-03 20:27:00,89
2015-09-03 20:57:00,98
2015-09-03 21:02:00,81
2015-09-03 21:32:00,78
2015-09-03 21:42:00,77
2015-09-03 22:02:00,91
2015-09-03 22:22:00,87
2015-09-03 22:27:00,83
2015-09-03 23:22:00,65
2015-09-03 23:27:00,87
2015-09-03 23:32:00,72
2015-09-03 23:42:00,95
2015-09-03 23:57:00,86
2015-09-04 00:02:00,80
2015-09-04 00:07:00,62
2015-09-04 00:22:00,72
2015-09-04 00:27:00,78
2015-09-04 00:42:00,74
2015-09-04 01:07:00,84
2015-09-04 01:27:00,88
2015-09-04 02:27:00,72
2015-09-04 02:52:00,71
2015-09-04 02:57:00,72
2015-09-04 03:12:00,73
2015-09-04 03:27:00,81
2015-09-04 04:02:00,81
2015-09-04 04:22:00,92
2015-09-04 04:37:00,79
2015-09-04 04:52:00,95
2015-09-04 05:12:00,76
2015-09-04 05:17:00,82
2015-09-04 05:22:00,77
2015-09-04 05:32:00,79
2015-09-04 05:37:00,87
2015-09-04 05:42:00,87
2015-09-04 05:47:00,84
2015-09-04 05:52:00,86
2015-09-04 05:57:00,84
2015-09-04 06:07:00,79
2015-09-04 06:12:00,83
2015-09-04 06:17:00,82
2015-09-04 06:22:00,82
2015-09-04 06:27:00,85
2015-09-04 06:32:00,83
2015-09-04 06:37:00,84
2015-09-04 06:42:00,84
2015-09-04 06:47:00,83
2015-09-04 06:52:00,77
2015-09-04 06:57:00,72
2015-09-04 07:02:00,88
2015-09-04 07:07:00,81
2015-09-04 07:12:00,86
2015-09-04 07:22:00,93
2015-09-04 07:27:00,78
2015-09-04 07:32:00,80
2015-09-04 07:37:00,95
2015-09-04 07:47:00,80
2015-09-04 07:52:00,90
2015-09-04 07:57:00,90
2015-09-04 08:02:00,82
2015-09-04 08:07:00,100
2015-09-04 08:12:00,78
2015-09-04 08:17:00,71
2015-09-04 08:22:00,86
2015-09-04 08:27:00,75
2015-09-04 08:32:00,79
2015-09-04 08:37:00,90
2015-09-04 08:52:00,80
2015-09-04 08:57:00,86
2015-09-04 09:12:00,81
2015-09-04 09:17:00,83
2015-09-04 09:32:00,73
2015-09-04 09:42:00,81
2015-09-04 09:47:00,77
2015-09-04 09:52:00,84
2015-09-04 09:57:00,67
2015-09-04 10:12:00,90
2015-09-04 10:17:00,81
2015-09-04 10:22:00,86
2015-09-04 10:27:00,89
2015-09-04 10:32:00,97
2015-09-04 10:37:00,81
2015-09-04 10:42:00,82
2015-09-04 10:47:00,91
2015-09-04 10:57:00,77
2015-09-04 11:02:00,80
2015-09-04 11:07:00,90
2015-09-04 11:17:00,83
2015-09-04 11:22:00,82
2015-09-04 11:27:00,81
2015-09-04 11:32:00,99
2015-09-04 11:37:00,87
2015-09-04 11:42:00,67
2015-09-04 11:47:00,84
2015-09-04 11:52:00,84
2015-09-04 11:57:00,81
2015-09-04 12:12:00,87
2015-09-04 12:27:00,78
2015-09-04 12:32:00,88
2015-09-04 12:37:00,73
2015-09-04 12:42:00,100
2015-09-04 12:52:00,84
2015-09-04 12:57:00,92
2015-09-04 13:02:00,88
2015-09-04 13:12:00,85
2015-09-04 13:17:00,78
2015-09-04 13:27:00,85
2015-09-04 13:37:00,93
2015-09-04 13:47:00,85
2015-09-04 13:52:00,92
2015-09-04 13:57:00,76
2015-09-04 14:02:00,91
2015-09-04 14:07:00,89
2015-09-04 14:12:00,82
2015-09-04 14:17:00,91
2015-09-04 14:22:00,84
2015-09-04 14:27:00,83
2015-09-04 14:32:00,73
2015-09-04 14:37:00,83
2015-09-04 14:42:00,96
2015-09-04 14:47:00,78
2015-09-04 14:52:00,77
2015-09-04 15:02:00,82
2015-09-04 15:17:00,82
2015-09-04 15:22:00,80
2015-09-04 15:32:00,91
2015-09-04 15:42:00,87
2015-09-04 15:47:00,92
2015-09-04 15:52:00,90
2015-09-04 16:02:00,93
2015-09-04 16:12:00,85
2015-09-04 16:17:00,96
2015-09-04 16:27:00,80
2015-09-04 16:32:00,85
2015-09-04 16:42:00,83
2015-09-04 16:47:00,74
2015-09-04 16:52:00,85
2015-09-04 16:57:00,76
2015-09-04 17:02:00,91
2015-09-04 17:07:00,97
2015-09-04 17:12:00,95
2015-09-04 17:17:00,83
2015-09-04 17:22:00,91
2015-09-04 17:27:00,91
2015-09-04 17:32:00,94
2015-09-04 17:37:00,84
2015-09-04 17:42:00,97
2015-09-04 17:47:00,96
2015-09-04 18:02:00,89
2015-09-04 18:07:00,96
2015-09-04 18:12:00,83
2015-09-04 18:17:00,79
2015-09-04 18:22:00,84
2015-09-04 18:27:00,76
2015-09-04 18:32:00,90
2015-09-04 18:37:00,93
2015-09-04 18:42:00,85
2015-09-04 18:47:00,79
2015-09-04 18:52:00,97
2015-09-04 18:57:00,82
2015-09-04 19:02:00,87
2015-09-04 19:07:00,81
2015-09-04 19:12:00,87
2015-09-04 19:22:00,78
2015-09-04 19:27:00,78
2015-09-04 19:32:00,80
2015-09-04 19:42:00,80
2015-09-04 19:47:00,93
2015-09-04 19:57:00,74
2015-09-04 20:02:00,84
2015-09-04 20:12:00,80
2015-09-04 20:17:00,83
2015-09-04 20:23:00,88
2015-09-04 20:28:00,99
2015-09-04 20:33:00,79
2015-09-04 20:38:00,84
2015-09-04 20:48:00,71
2015-09-04 20:53:00,99
2015-09-04 21:03:00,79
2015-09-04 21:13:00,89
2015-09-04 21:18:00,83
2015-09-04 21:33:00,94
2015-09-04 21:38:00,98
2015-09-04 21:53:00,81
2015-09-04 22:08:00,78
2015-09-04 22:13:00,89
2015-09-04 22:23:00,80
2015-09-04 22:34:00,88
2015-09-04 22:41:00,92
2015-09-08 10:44:00,94
2015-09-08 10:49:00,94
2015-09-08 10:59:00,80
2015-09-08 11:04:00,85
2015-09-08 11:09:00,92
2015-09-08 11:14:00,70
2015-09-08 11:19:00,83
2015-09-08 11:29:00,67
2015-09-08 11:34:00,98
2015-09-08 11:39:00,89
2015-09-08 11:49:00,102
2015-09-08 11:59:00,86
2015-09-08 12:14:00,78
2015-09-08 12:19:00,84
2015-09-08 12:24:00,93
2015-09-08 12:27:00,87
2015-09-08 12:32:00,87
2015-09-08 12:36:00,87
2015-09-08 12:46:00,77
2015-09-08 12:51:00,83
2015-09-08 12:56:00,80
2015-09-08 13:01:00,92
2015-09-08 13:06:00,91
2015-09-08 13:16:00,90
2015-09-08 13:26:00,85
2015-09-08 13:36:00,81
2015-09-08 13:41:00,74
2015-09-08 13:46:00,89
2015-09-08 13:51:00,80
2015-09-08 13:56:00,75
2015-09-08 14:00:00,83
2015-09-08 14:06:00,81
2015-09-08 14:11:00,84
2015-09-08 14:21:00,89
2015-09-08 14:31:00,95
2015-09-08 14:36:00,91
2015-09-08 14:41:00,61
2015-09-08 14:51:00,91
2015-09-08 14:56:00,88
2015-09-08 15:01:00,74
2015-09-08 15:06:00,91
2015-09-08 15:11:00,84
2015-09-08 15:16:00,91
2015-09-08 15:26:00,81
2015-09-08 15:29:00,89
2015-09-08 15:41:00,81
2015-09-08 16:15:00,92
2015-09-08 16:31:00,75
2015-09-08 16:36:00,90
2015-09-08 16:41:00,92
2015-09-08 16:46:00,72
2015-09-08 16:56:00,92
2015-09-08 17:06:00,106
2015-09-08 17:11:00,93
2015-09-08 17:21:00,94
2015-09-08 17:26:00,89
2015-09-08 17:31:00,93
2015-09-08 17:36:00,75
2015-09-08 17:46:00,82
2015-09-08 17:51:00,78
2015-09-08 17:56:00,84
2015-09-08 18:26:00,92
2015-09-08 18:31:00,78
2015-09-08 18:36:00,74
2015-09-08 18:41:00,95
2015-09-08 18:46:00,88
2015-09-08 18:56:00,68
2015-09-08 19:01:00,74
2015-09-08 19:06:00,75
2015-09-08 19:16:00,81
2015-09-08 19:26:00,82
2015-09-08 19:36:00,92
2015-09-08 19:41:00,67
2015-09-08 19:46:00,85
2015-09-08 19:51:00,87
2015-09-08 20:06:00,71
2015-09-08 20:11:00,81
2015-09-08 20:26:00,80
2015-09-08 20:36:00,88
2015-09-08 20:41:00,97
2015-09-08 20:46:00,62
2015-09-08 20:56:00,87
2015-09-08 21:06:00,92
2015-09-08 21:11:00,75
2015-09-08 21:16:00,63
2015-09-08 21:21:00,86
2015-09-08 21:46:00,77
2015-09-08 21:51:00,77
2015-09-08 21:56:00,82
2015-09-08 22:06:00,90
2015-09-08 22:12:00,93
2015-09-08 22:26:00,76
2015-09-08 22:36:00,74
2015-09-08 22:51:00,78
2015-09-08 22:56:00,83
2015-09-08 23:56:00,75
2015-09-09 00:26:00,81
2015-09-09 01:11:00,87
2015-09-09 01:51:00,71
2015-09-09 03:11:00,89
2015-09-09 06:04:00,84
2015-09-09 07:34:00,86
2015-09-09 09:20:00,92
2015-09-09 09:48:00,95
2015-09-09 09:53:00,87
2015-09-09 09:58:00,90
2015-09-09 10:03:00,86
2015-09-09 10:08:00,83
2015-09-09 10:18:00,86
2015-09-09 10:23:00,83
2015-09-09 10:33:00,78
2015-09-09 10:43:00,70
2015-09-09 10:53:00,69
2015-09-09 10:58:00,74
2015-09-09 11:08:00,76
2015-09-09 11:18:00,69
2015-09-09 11:23:00,77
2015-09-09 11:38:00,81
2015-09-09 11:43:00,81
2015-09-09 11:48:00,88
2015-09-09 11:58:00,85
2015-09-09 12:13:00,81
2015-09-09 12:23:00,96
2015-09-09 12:28:00,92
2015-09-09 12:43:00,82
2015-09-09 12:53:00,87
2015-09-09 12:58:00,77
2015-09-09 13:03:00,91
2015-09-09 13:13:00,91
2015-09-09 13:18:00,76
2015-09-09 13:23:00,97
2015-09-09 13:38:00,89
2015-09-09 13:48:00,75
2015-09-09 13:53:00,91
2015-09-09 14:08:00,79
2015-09-09 14:13:00,75
2015-09-09 14:18:00,90
2015-09-09 14:23:00,68
2015-09-09 14:33:00,94
2015-09-09 14:43:00,93
2015-09-09 15:03:00,71
2015-09-09 15:08:00,78
2015-09-09 15:13:00,78
2015-09-09 15:18:00,86
2015-09-09 15:23:00,78
2015-09-09 15:28:00,80
2015-09-09 15:33:00,84
2015-09-09 15:43:00,90
2015-09-09 15:48:00,81
2015-09-09 15:53:00,78
2015-09-09 15:58:00,75
2015-09-09 16:03:00,98
2015-09-09 16:08:00,86
2015-09-09 16:13:00,88
2015-09-09 16:23:00,92
2015-09-09 16:28:00,90
2015-09-09 16:38:00,80
2015-09-09 16:43:00,94
2015-09-09 16:48:00,78
2015-09-09 16:53:00,75
2015-09-09 16:58:00,79
2015-09-09 17:08:00,76
2015-09-09 17:13:00,86
2015-09-09 17:18:00,80
2015-09-09 17:23:00,87
2015-09-09 17:33:00,82
2015-09-09 17:48:00,74
2015-09-09 17:58:00,74
2015-09-09 18:03:00,79
2015-09-09 18:08:00,80
2015-09-09 18:18:00,83
2015-09-09 18:23:00,100
2015-09-09 18:28:00,78
2015-09-09 18:43:00,78
2015-09-09 18:48:00,89
2015-09-09 18:53:00,81
2015-09-09 19:03:00,79
2015-09-09 19:18:00,92
2015-09-09 19:33:00,78
2015-09-09 19:38:00,85
2015-09-09 19:43:00,77
2015-09-09 19:48:00,88
2015-09-09 19:58:00,81
2015-09-09 20:03:00,78
2015-09-09 20:08:00,83
2015-09-09 20:13:00,68
2015-09-09 20:18:00,68
2015-09-09 20:33:00,83
2015-09-09 20:38:00,81
2015-09-09 20:48:00,83
2015-09-09 20:58:00,94
2015-09-09 21:03:00,82
2015-09-09 21:08:00,64
2015-09-09 21:13:00,77
2015-09-09 21:18:00,78
2015-09-09 21:23:00,72
2015-09-09 21:33:00,61
2015-09-09 21:38:00,80
2015-09-09 21:43:00,57
2015-09-09 21:48:00,80
2015-09-09 22:03:00,73
2015-09-09 22:08:00,79
2015-09-09 22:13:00,65
2015-09-09 22:23:00,63
2015-09-09 22:28:00,68
2015-09-09 22:33:00,70
2015-09-09 22:38:00,72
2015-09-09 22:41:00,68
2015-09-09 22:46:00,76
2015-09-10 00:08:00,83
2015-09-10 00:23:00,81
2015-09-10 00:38:00,68
2015-09-10 00:53:00,68
2015-09-10 00:58:00,59
2015-09-10 01:03:00,57
2015-09-10 01:08:00,57
2015-09-10 01:13:00,63
2015-09-10 01:38:00,73
2015-09-10 01:58:00,76
2015-09-10 02:08:00,77
2015-09-10 02:18:00,69
2015-09-10 02:23:00,73
2015-09-10 02:28:00,70
2015-09-10 05:28:00,90
2015-09-10 05:33:00,85
2015-09-10 05:38:00,83
2015-09-10 05:45:00,78
2015-09-10 08:00:00,85
2015-09-10 08:13:00,77
2015-09-10 08:18:00,91
2015-09-10 08:23:00,88
2015-09-10 08:28:00,90
2015-09-10 08:33:00,92
2015-09-10 08:43:00,95
2015-09-10 08:48:00,74
2015-09-10 08:53:00,94
2015-09-10 08:58:00,58
2015-09-10 09:03:00,88
2015-09-10 09:08:00,87
2015-09-10 09:13:00,82
2015-09-10 09:18:00,85
2015-09-10 09:28:00,71
2015-09-10 09:33:00,86
2015-09-10 09:38:00,79
2015-09-10 09:43:00,78
2015-09-10 09:48:00,86
2015-09-10 09:52:00,81
2015-09-10 09:57:00,77
2015-09-10 10:02:00,74
2015-09-10 10:07:00,77
2015-09-10 10:17:00,98
2015-09-10 10:22:00,98
2015-09-10 10:27:00,69
2015-09-10 10:37:00,79
2015-09-10 10:42:00,85
2015-09-10 10:47:00,85
2015-09-10 10:52:00,88
2015-09-10 10:57:00,65
2015-09-10 11:02:00,81
2015-09-10 11:07:00,97
2015-09-10 11:12:00,90
2015-09-10 11:22:00,90
2015-09-10 11:32:00,95
2015-09-10 11:42:00,76
2015-09-10 11:47:00,78
2015-09-10 11:57:00,79
2015-09-10 12:02:00,79
2015-09-10 12:12:00,81
2015-09-10 12:17:00,81
2015-09-10 12:22:00,77
2015-09-10 12:57:00,87
2015-09-10 13:02:00,90
2015-09-10 13:07:00,81
2015-09-10 13:12:00,95
2015-09-10 13:17:00,87
2015-09-10 13:22:00,83
2015-09-10 13:27:00,78
2015-09-10 13:42:00,85
2015-09-10 13:47:00,85
2015-09-10 13:57:00,88
2015-09-10 14:02:00,94
2015-09-10 14:12:00,75
2015-09-10 14:37:00,74
2015-09-10 14:42:00,85
2015-09-10 14:47:00,81
2015-09-10 14:57:00,80
2015-09-10 15:02:00,86
2015-09-10 15:07:00,84
2015-09-10 15:12:00,95
2015-09-10 15:17:00,90
2015-09-10 15:22:00,86
2015-09-10 15:27:00,90
2015-09-10 15:32:00,92
2015-09-10 15:37:00,91
2015-09-10 15:42:00,82
2015-09-10 15:47:00,85
2015-09-10 15:52:00,72
2015-09-10 15:57:00,90
2015-09-10 16:02:00,75
2015-09-10 16:12:00,90
2015-09-10 16:17:00,77
2015-09-10 16:27:00,85
2015-09-10 16:32:00,81
2015-09-10 16:37:00,77
2015-09-10 16:42:00,89
2015-09-10 16:47:00,91
2015-09-10 16:57:00,84
2015-09-10 17:02:00,87
2015-09-10 17:17:00,84
2015-09-10 17:22:00,65
2015-09-10 17:27:00,78
2015-09-10 17:37:00,99
2015-09-10 17:42:00,75
2015-09-10 17:47:00,79
2015-09-10 17:52:00,88
2015-09-10 18:02:00,86
2015-09-10 18:07:00,86
2015-09-10 18:12:00,75
2015-09-10 18:17:00,87
2015-09-10 18:22:00,87
2015-09-10 18:27:00,77
2015-09-10 18:32:00,91
2015-09-10 18:42:00,81
2015-09-10 18:47:00,78
2015-09-10 18:52:00,76
2015-09-10 19:02:00,72
2015-09-10 19:07:00,79
2015-09-10 19:17:00,84
2015-09-10 19:27:00,68
2015-09-10 19:37:00,70
2015-09-10 19:47:00,90
2015-09-10 19:52:00,86
2015-09-10 20:02:00,82
2015-09-10 20:12:00,91
2015-09-10 20:28:00,81
2015-09-10 20:32:00,79
2015-09-10 20:43:00,81
2015-09-10 20:47:00,78
2015-09-10 20:57:00,84
2015-09-10 21:07:00,94
2015-09-10 21:12:00,81
2015-09-10 21:17:00,79
2015-09-10 21:32:00,83
2015-09-10 21:37:00,92
2015-09-10 21:42:00,89
2015-09-10 21:47:00,79
2015-09-10 22:12:00,81
2015-09-10 22:27:00,92
2015-09-10 22:32:00,90
2015-09-10 22:37:00,78
2015-09-10 22:47:00,85
2015-09-10 22:57:00,94
2015-09-10 23:02:00,84
2015-09-10 23:07:00,72
2015-09-10 23:37:00,78
2015-09-10 23:42:00,71
2015-09-10 23:57:00,65
2015-09-11 00:02:00,64
2015-09-11 00:22:00,69
2015-09-11 01:07:00,84
2015-09-11 01:17:00,77
2015-09-11 01:32:00,71
2015-09-11 01:42:00,72
2015-09-11 01:57:00,76
2015-09-11 02:12:00,80
2015-09-11 02:22:00,77
2015-09-11 02:32:00,70
2015-09-11 02:57:00,81
2015-09-11 03:12:00,85
2015-09-11 03:27:00,84
2015-09-11 03:32:00,86
2015-09-11 03:47:00,76
2015-09-11 04:07:00,83
2015-09-11 04:12:00,83
2015-09-11 04:17:00,76
2015-09-11 04:27:00,81
2015-09-11 04:47:00,73
2015-09-11 04:52:00,81
2015-09-11 05:17:00,95
2015-09-11 05:22:00,89
2015-09-11 05:32:00,85
2015-09-11 05:37:00,87
2015-09-11 05:42:00,96
2015-09-11 05:47:00,92
2015-09-11 05:52:00,88
2015-09-11 05:57:00,79
2015-09-11 06:02:00,83
2015-09-11 06:07:00,89
2015-09-11 06:12:00,90
2015-09-11 06:17:00,89
2015-09-11 06:22:00,81
2015-09-11 06:27:00,89
2015-09-11 06:32:00,87
2015-09-11 06:37:00,93
2015-09-11 06:42:00,79
2015-09-11 06:47:00,81
2015-09-11 06:52:00,82
2015-09-11 06:57:00,86
2015-09-11 07:02:00,86
2015-09-11 07:07:00,66
2015-09-11 07:12:00,77
2015-09-11 07:17:00,81
2015-09-11 07:22:00,79
2015-09-11 07:27:00,85
2015-09-11 07:32:00,82
2015-09-11 07:37:00,81
2015-09-11 07:42:00,90
2015-09-11 07:47:00,67
2015-09-11 07:57:00,84
2015-09-11 08:02:00,79
2015-09-11 08:07:00,74
2015-09-11 08:12:00,75
2015-09-11 08:17:00,86
2015-09-11 08:22:00,75
2015-09-11 08:27:00,75
2015-09-11 08:32:00,78
2015-09-11 08:37:00,84
2015-09-11 08:47:00,84
2015-09-11 08:52:00,80
2015-09-11 08:57:00,87
2015-09-11 09:02:00,87
2015-09-11 09:12:00,75
2015-09-11 09:17:00,81
2015-09-11 09:22:00,77
2015-09-11 09:27:00,99
2015-09-11 09:32:00,77
2015-09-11 09:37:00,86
2015-09-11 09:42:00,64
2015-09-11 10:02:00,73
2015-09-11 10:07:00,83
2015-09-11 10:17:00,72
2015-09-11 10:34:00,86
2015-09-11 10:44:00,86
2015-09-11 10:49:00,87
2015-09-11 10:54:00,90
2015-09-11 10:59:00,85
2015-09-11 11:04:00,82
2015-09-11 11:09:00,80
2015-09-11 11:14:00,93
2015-09-11 11:24:00,76
2015-09-11 11:29:00,83
2015-09-11 11:34:00,87
2015-09-11 11:39:00,81
2015-09-11 11:44:00,80
2015-09-11 11:49:00,83
2015-09-11 11:54:00,88
2015-09-11 11:59:00,73
2015-09-11 12:04:00,63
2015-09-11 12:09:00,76
2015-09-11 12:14:00,80
2015-09-11 12:19:00,82
2015-09-11 12:24:00,72
2015-09-11 12:29:00,81
2015-09-11 12:34:00,87
2015-09-11 12:44:00,83
2015-09-11 12:49:00,83
2015-09-11 12:54:00,91
2015-09-11 12:59:00,81
2015-09-11 13:04:00,76
2015-09-11 13:09:00,89
2015-09-11 13:19:00,86
2015-09-11 13:24:00,91
2015-09-11 13:29:00,75
2015-09-11 13:34:00,75
2015-09-11 13:39:00,89
2015-09-11 13:44:00,90
2015-09-11 13:49:00,78
2015-09-11 13:54:00,86
2015-09-11 13:59:00,80
2015-09-11 14:04:00,75
2015-09-11 14:09:00,78
2015-09-11 14:14:00,84
2015-09-11 14:19:00,77
2015-09-11 14:24:00,88
2015-09-11 14:29:00,69
2015-09-11 14:34:00,78
2015-09-11 14:39:00,81
2015-09-11 14:44:00,89
2015-09-11 14:49:00,82
2015-09-11 14:54:00,69
2015-09-11 14:59:00,76
2015-09-11 15:04:00,89
2015-09-11 15:19:00,78
2015-09-11 15:24:00,91
2015-09-11 15:29:00,75
2015-09-11 15:34:00,86
2015-09-11 15:39:00,92
2015-09-11 15:44:00,85
2015-09-11 15:49:00,85
2015-09-11 15:54:00,74
2015-09-11 15:59:00,82
2015-09-11 16:04:00,72
2015-09-11 16:09:00,63
2015-09-11 16:14:00,84
2015-09-11 16:19:00,85
2015-09-11 16:24:00,90
2015-09-11 16:29:00,53
2015-09-11 16:34:00,82
2015-09-11 16:39:00,80
2015-09-11 16:44:00,92
2015-09-11 16:49:00,80
2015-09-11 16:54:00,79
2015-09-11 16:59:00,83
2015-09-11 17:04:00,77
2015-09-11 17:09:00,79
2015-09-11 17:14:00,76
2015-09-11 17:19:00,89
2015-09-11 17:24:00,85
2015-09-11 17:29:00,91
2015-09-11 17:34:00,77
2015-09-11 17:39:00,84
2015-09-11 17:44:00,81
2015-09-11 17:49:00,85
2015-09-11 17:54:00,94
2015-09-11 17:59:00,80
2015-09-11 18:04:00,87
2015-09-11 18:11:00,80
2015-09-11 18:16:00,79
2015-09-11 18:21:00,71
2015-09-11 18:26:00,84
2015-09-11 18:31:00,85
2015-09-11 18:36:00,91
2015-09-11 18:41:00,97
2015-09-11 18:46:00,79
2015-09-11 18:51:00,89
2015-09-11 18:56:00,77
2015-09-11 19:01:00,81
2015-09-11 19:06:00,82
2015-09-11 19:11:00,73
2015-09-11 19:21:00,90
2015-09-11 19:31:00,89
2015-09-11 19:41:00,93
2015-09-11 19:46:00,86
2015-09-11 19:51:00,75
2015-09-11 20:11:00,77
2015-09-11 20:26:00,92
2015-09-11 20:31:00,65
2015-09-11 20:36:00,84
2015-09-11 20:41:00,94
2015-09-11 20:46:00,71
2015-09-11 20:51:00,70
2015-09-11 20:56:00,85
2015-09-11 21:01:00,93
2015-09-11 21:06:00,93
2015-09-11 21:21:00,84
2015-09-11 21:26:00,76
2015-09-11 21:36:00,95
2015-09-11 21:46:00,90
2015-09-11 21:51:00,72
2015-09-11 22:06:00,83
2015-09-11 22:11:00,77
2015-09-11 22:21:00,83
2015-09-11 22:41:00,80
2015-09-11 22:46:00,76
2015-09-11 22:56:00,84
2015-09-11 23:01:00,82
2015-09-11 23:11:00,77
2015-09-11 23:16:00,69
2015-09-11 23:36:00,86
2015-09-11 23:41:00,100
2015-09-12 00:11:00,71
2015-09-12 00:26:00,62
2015-09-12 00:31:00,72
2015-09-12 00:41:00,62
2015-09-12 00:46:00,56
2015-09-12 00:51:00,55
2015-09-12 01:01:00,68
2015-09-12 01:26:00,95
2015-09-12 01:31:00,94
2015-09-12 02:21:00,70
2015-09-12 02:56:00,78
2015-09-12 03:46:00,92
2015-09-12 03:56:00,91
2015-09-12 04:06:00,90
2015-09-12 04:36:00,70
2015-09-12 04:41:00,72
2015-09-12 04:51:00,73
2015-09-12 05:06:00,84
2015-09-12 05:21:00,80
2015-09-12 05:41:00,82
2015-09-12 05:46:00,76
2015-09-12 05:56:00,71
2015-09-12 06:06:00,84
2015-09-12 06:16:00,84
2015-09-12 06:26:00,92
2015-09-12 06:51:00,91
2015-09-12 06:56:00,82
2015-09-12 07:01:00,80
2015-09-12 07:16:00,90
2015-09-12 07:21:00,100
2015-09-12 07:31:00,98
2015-09-12 07:36:00,83
2015-09-12 07:46:00,82
2015-09-12 07:51:00,91
2015-09-12 07:56:00,88
2015-09-12 08:06:00,85
2015-09-12 08:11:00,88
2015-09-12 08:16:00,79
2015-09-12 08:21:00,97
2015-09-12 08:26:00,74
2015-09-12 08:31:00,97
2015-09-12 08:36:00,83
2015-09-12 08:46:00,69
2015-09-12 08:56:00,86
2015-09-12 09:01:00,80
2015-09-12 09:06:00,95
2015-09-12 09:11:00,87
2015-09-12 09:16:00,96
2015-09-12 09:21:00,100
2015-09-12 09:26:00,102
2015-09-12 09:36:00,91
2015-09-12 09:41:00,80
2015-09-12 09:51:00,97
2015-09-12 10:01:00,90
2015-09-12 10:06:00,78
2015-09-12 10:11:00,109
2015-09-12 10:16:00,98
2015-09-12 10:21:00,85
2015-09-12 10:31:00,93
2015-09-12 10:36:00,94
2015-09-12 10:41:00,99
2015-09-12 10:46:00,80
2015-09-12 10:51:00,90
2015-09-12 10:56:00,91
2015-09-12 11:01:00,84
2015-09-12 11:06:00,92
2015-09-12 11:11:00,95
2015-09-12 11:16:00,86
2015-09-12 11:21:00,81
2015-09-12 11:26:00,97
2015-09-12 11:31:00,86
2015-09-12 11:36:00,82
2015-09-12 11:46:00,81
2015-09-12 11:51:00,81
2015-09-12 11:56:00,77
2015-09-12 12:01:00,89
2015-09-12 12:16:00,89
2015-09-12 12:21:00,87
2015-09-12 12:26:00,76
2015-09-12 12:31:00,99
2015-09-12 12:36:00,94
2015-09-12 12:41:00,90
2015-09-12 12:46:00,97
2015-09-12 12:51:00,79
2015-09-12 12:56:00,86
2015-09-12 13:01:00,89
2015-09-12 13:11:00,84
2015-09-12 13:16:00,76
2015-09-12 13:21:00,80
2015-09-12 13:31:00,87
2015-09-12 13:41:00,80
2015-09-12 13:46:00,72
2015-09-12 13:56:00,85
2015-09-12 14:01:00,82
2015-09-12 14:06:00,89
2015-09-12 14:11:00,86
2015-09-12 14:16:00,81
2015-09-12 14:21:00,98
2015-09-12 14:26:00,87
2015-09-12 14:31:00,79
2015-09-12 14:36:00,85
2015-09-12 14:41:00,83
2015-09-12 14:46:00,81
2015-09-12 14:51:00,98
2015-09-12 14:56:00,86
2015-09-12 15:01:00,72
2015-09-12 15:06:00,89
2015-09-12 15:11:00,94
2015-09-12 15:21:00,93
2015-09-12 15:26:00,86
2015-09-12 15:36:00,80
2015-09-12 15:41:00,88
2015-09-12 15:46:00,82
2015-09-12 15:51:00,87
2015-09-12 15:56:00,88
2015-09-12 16:01:00,76
2015-09-12 16:06:00,67
2015-09-12 16:11:00,79
2015-09-12 16:16:00,87
2015-09-12 16:21:00,75
2015-09-12 16:26:00,86
2015-09-12 16:36:00,92
2015-09-12 16:41:00,81
2015-09-12 16:46:00,91
2015-09-12 16:56:00,85
2015-09-12 17:01:00,83
2015-09-12 17:06:00,96
2015-09-12 17:11:00,78
2015-09-12 17:16:00,85
2015-09-12 17:21:00,68
2015-09-12 17:26:00,77
2015-09-12 17:31:00,88
2015-09-12 17:36:00,79
2015-09-12 17:41:00,96
2015-09-12 17:46:00,88
2015-09-12 17:51:00,89
2015-09-12 17:56:00,89
2015-09-12 18:01:00,92
2015-09-12 18:06:00,97
2015-09-12 18:11:00,86
2015-09-12 18:16:00,86
2015-09-12 18:21:00,82
2015-09-12 18:26:00,81
2015-09-12 18:36:00,76
2015-09-12 18:41:00,96
2015-09-12 18:46:00,79
2015-09-12 18:51:00,97
2015-09-12 19:01:00,80
2015-09-12 19:06:00,96
2015-09-12 19:21:00,94
2015-09-12 19:31:00,75
2015-09-12 19:36:00,88
2015-09-12 19:41:00,89
2015-09-12 19:51:00,88
2015-09-12 19:56:00,93
2015-09-12 20:01:00,80
2015-09-12 20:11:00,91
2015-09-12 20:21:00,93
2015-09-12 20:31:00,88
2015-09-12 20:36:00,85
2015-09-12 20:46:00,86
2015-09-12 21:01:00,87
2015-09-12 21:06:00,91
2015-09-12 21:11:00,84
2015-09-12 21:16:00,80
2015-09-12 21:21:00,86
2015-09-12 21:26:00,88
2015-09-12 21:31:00,74
2015-09-12 21:46:00,78
2015-09-12 21:56:00,84
2015-09-12 22:11:00,88
2015-09-12 22:16:00,65
2015-09-12 22:21:00,86
2015-09-12 22:26:00,87
2015-09-12 22:36:00,82
2015-09-12 22:41:00,85
2015-09-12 22:46:00,91
2015-09-12 22:56:00,81
2015-09-12 23:01:00,83
2015-09-12 23:11:00,93
2015-09-12 23:26:00,100
2015-09-12 23:31:00,90
2015-09-12 23:41:00,88
2015-09-12 23:51:00,91
2015-09-13 00:16:00,79
2015-09-13 00:21:00,85
2015-09-13 00:26:00,81
2015-09-13 02:21:00,87
2015-09-13 02:26:00,86
2015-09-13 02:36:00,74
2015-09-13 02:56:00,77
2015-09-13 04:41:00,84
2015-09-13 04:46:00,84
2015-09-13 04:51:00,90
2015-09-13 05:21:00,86
2015-09-13 06:11:00,90
2015-09-13 06:21:00,96
2015-09-13 06:41:00,80
2015-09-13 06:46:00,84
2015-09-13 06:51:00,84
2015-09-13 07:11:00,84
2015-09-13 07:16:00,82
2015-09-13 07:21:00,86
2015-09-13 07:36:00,82
2015-09-13 07:46:00,85
2015-09-13 07:56:00,96
2015-09-13 08:01:00,91
2015-09-13 08:16:00,85
2015-09-13 08:31:00,97
2015-09-13 08:41:00,82
2015-09-13 08:56:00,80
2015-09-13 09:06:00,95
2015-09-13 09:11:00,88
2015-09-13 09:16:00,89
2015-09-13 09:31:00,95
2015-09-13 09:36:00,87
2015-09-13 09:46:00,79
2015-09-13 09:51:00,73
2015-09-13 10:01:00,89
2015-09-13 10:06:00,87
2015-09-13 10:11:00,74
2015-09-13 10:16:00,84
2015-09-13 10:21:00,94
2015-09-13 10:26:00,91
2015-09-13 10:31:00,85
2015-09-13 10:36:00,79
2015-09-13 10:41:00,74
2015-09-13 10:46:00,84
2015-09-13 10:51:00,92
2015-09-13 10:56:00,83
2015-09-13 11:06:00,80
2015-09-13 11:11:00,94
2015-09-13 11:16:00,67
2015-09-13 11:26:00,77
2015-09-13 11:31:00,85
2015-09-13 11:36:00,84
2015-09-13 11:41:00,90
2015-09-13 11:46:00,89
2015-09-13 11:51:00,82
2015-09-13 11:56:00,86
2015-09-13 12:01:00,77
2015-09-13 12:06:00,81
2015-09-13 12:11:00,90
2015-09-13 12:16:00,84
2015-09-13 12:21:00,81
2015-09-13 12:26:00,91
2015-09-13 12:31:00,81
2015-09-13 12:41:00,77
2015-09-13 12:46:00,78
2015-09-13 12:53:00,101
2015-09-13 12:58:00,70
2015-09-13 13:03:00,84
2015-09-13 13:08:00,88
2015-09-13 13:13:00,93
2015-09-13 13:18:00,87
2015-09-13 13:23:00,96
2015-09-13 13:33:00,72
2015-09-13 13:38:00,86
2015-09-13 13:43:00,97
2015-09-13 13:48:00,83
2015-09-13 13:53:00,87
2015-09-13 13:58:00,86
2015-09-13 14:03:00,103
2015-09-13 14:13:00,89
2015-09-13 14:18:00,82
2015-09-13 14:28:00,88
2015-09-13 14:38:00,84
2015-09-13 14:43:00,89
2015-09-13 14:48:00,85
2015-09-13 14:53:00,90
2015-09-13 15:03:00,84
2015-09-13 15:13:00,87
2015-09-13 15:18:00,91
2015-09-13 15:23:00,77
2015-09-13 15:28:00,87
2015-09-13 15:33:00,82
2015-09-13 15:43:00,82
2015-09-13 15:48:00,85
2015-09-13 15:53:00,79
2015-09-13 15:58:00,94
2015-09-13 16:03:00,86
2015-09-13 16:08:00,74
2015-09-13 16:13:00,83
2015-09-13 16:18:00,79
2015-09-13 16:23:00,83
2015-09-13 16:28:00,85
2015-09-13 16:33:00,80
2015-09-13 16:38:00,81
2015-09-13 16:43:00,81
2015-09-13 16:48:00,91
2015-09-13 16:58:00,86
2015-09-13 17:03:00,86
2015-09-13 17:08:00,82
2015-09-13 17:13:00,89
2015-09-13 17:18:00,82
2015-09-13 17:23:00,76
2015-09-13 17:28:00,94
2015-09-13 17:33:00,90
2015-09-13 17:38:00,89
2015-09-13 17:43:00,91
2015-09-13 17:48:00,87
2015-09-13 17:53:00,79
2015-09-13 17:58:00,94
2015-09-13 18:03:00,79
2015-09-13 18:08:00,84
2015-09-13 18:13:00,82
2015-09-13 18:18:00,80
2015-09-13 18:23:00,88
2015-09-13 18:28:00,84
2015-09-13 18:33:00,90
2015-09-13 18:38:00,86
2015-09-13 18:43:00,80
2015-09-13 18:48:00,74
2015-09-13 18:53:00,88
2015-09-13 18:58:00,95
2015-09-13 19:03:00,85
2015-09-13 19:13:00,76
2015-09-13 19:18:00,93
2015-09-13 19:23:00,80
2015-09-13 19:33:00,88
2015-09-13 19:38:00,83
2015-09-13 19:43:00,77
2015-09-13 19:48:00,94
2015-09-13 19:53:00,94
2015-09-13 19:58:00,86
2015-09-13 20:03:00,74
2015-09-13 20:08:00,68
2015-09-13 20:13:00,76
2015-09-13 20:18:00,77
2015-09-13 20:28:00,89
2015-09-13 20:33:00,87
2015-09-13 20:38:00,79
2015-09-13 20:48:00,72
2015-09-13 20:53:00,77
2015-09-13 20:58:00,91
2015-09-13 21:03:00,89
2015-09-13 21:08:00,94
2015-09-13 21:13:00,69
2015-09-13 21:18:00,85
2015-09-13 21:43:00,79
2015-09-13 22:03:00,88
2015-09-13 22:13:00,81
2015-09-13 22:28:00,79
2015-09-13 22:33:00,87
2015-09-13 22:38:00,78
2015-09-13 22:43:00,88
2015-09-13 22:48:00,93
2015-09-13 22:58:00,79
2015-09-13 23:03:00,71
2015-09-13 23:13:00,78
2015-09-13 23:18:00,87
2015-09-13 23:28:00,79
2015-09-13 23:33:00,77
2015-09-13 23:38:00,79
2015-09-13 23:48:00,79
2015-09-13 23:59:00,69
2015-09-14 00:03:00,71
2015-09-14 00:18:00,82
2015-09-14 00:33:00,89
2015-09-14 01:08:00,80
2015-09-14 01:33:00,76
2015-09-14 01:53:00,81
2015-09-14 01:58:00,81
2015-09-14 02:08:00,86
2015-09-14 02:23:00,88
2015-09-14 02:28:00,83
2015-09-14 02:33:00,76
2015-09-14 02:48:00,76
2015-09-14 02:53:00,81
2015-09-14 03:18:00,74
2015-09-14 03:33:00,72
2015-09-14 03:38:00,67
2015-09-14 03:43:00,71
2015-09-14 03:48:00,77
2015-09-14 04:03:00,77
2015-09-14 04:08:00,68
2015-09-14 04:23:00,80
2015-09-14 04:28:00,74
2015-09-14 04:43:00,97
2015-09-14 04:48:00,90
2015-09-14 04:53:00,89
2015-09-14 04:58:00,68
2015-09-14 05:03:00,84
2015-09-14 05:08:00,81
2015-09-14 05:13:00,95
2015-09-14 05:18:00,76
2015-09-14 05:23:00,76
2015-09-14 05:28:00,76
2015-09-14 05:33:00,87
2015-09-14 05:38:00,86
2015-09-14 05:43:00,84
2015-09-14 05:48:00,93
2015-09-14 05:53:00,78
2015-09-14 05:58:00,91
2015-09-14 06:03:00,87
2015-09-14 06:08:00,81
2015-09-14 06:13:00,86
2015-09-14 06:18:00,86
2015-09-14 06:23:00,71
2015-09-14 06:28:00,85
2015-09-14 06:33:00,81
2015-09-14 06:38:00,76
2015-09-14 06:43:00,91
2015-09-14 08:23:00,90
2015-09-14 08:28:00,82
2015-09-14 08:33:00,79
2015-09-14 08:38:00,87
2015-09-14 08:43:00,88
2015-09-14 08:48:00,86
2015-09-14 08:53:00,83
2015-09-14 08:58:00,82
2015-09-14 09:03:00,87
2015-09-14 09:08:00,86
2015-09-14 09:13:00,74
2015-09-14 09:23:00,78
2015-09-14 09:28:00,85
2015-09-14 09:33:00,69
2015-09-14 09:38:00,80
2015-09-14 09:43:00,77
2015-09-14 09:48:00,83
2015-09-14 09:53:00,82
2015-09-14 09:58:00,87
2015-09-14 10:03:00,88
2015-09-14 10:08:00,85
2015-09-14 10:13:00,75
2015-09-14 10:18:00,95
2015-09-14 10:23:00,93
2015-09-14 10:28:00,85
2015-09-14 10:33:00,77
2015-09-14 10:38:00,81
2015-09-14 10:43:00,78
2015-09-14 10:48:00,78
2015-09-14 10:53:00,79
2015-09-14 10:58:00,92
2015-09-14 11:03:00,75
2015-09-14 11:23:00,75
2015-09-14 11:33:00,70
2015-09-14 11:38:00,79
2015-09-14 11:48:00,73
2015-09-14 11:53:00,87
2015-09-14 11:58:00,84
2015-09-14 12:03:00,79
2015-09-14 12:08:00,74
2015-09-14 12:13:00,64
2015-09-14 12:18:00,82
2015-09-14 12:23:00,86
2015-09-14 12:28:00,98
2015-09-14 12:33:00,92
2015-09-14 12:38:00,86
2015-09-14 12:43:00,80
2015-09-14 12:48:00,88
2015-09-14 13:03:00,76
2015-09-14 13:08:00,75
2015-09-14 13:13:00,90
2015-09-14 13:15:00,79
2015-09-14 13:20:00,90
2015-09-14 13:25:00,76
2015-09-14 13:35:00,92
2015-09-14 13:40:00,84
2015-09-14 13:45:00,87
2015-09-14 13:55:00,89
2015-09-14 14:00:00,63
2015-09-14 14:05:00,78
2015-09-14 14:10:00,83
2015-09-14 14:15:00,74
2015-09-14 14:20:00,99
2015-09-14 14:25:00,73
2015-09-14 14:30:00,92
2015-09-14 14:35:00,88
2015-09-14 14:40:00,84
2015-09-14 14:45:00,86
2015-09-14 14:50:00,88
2015-09-14 14:55:00,92
2015-09-14 15:00:00,82
2015-09-14 15:05:00,87
2015-09-14 15:10:00,87
2015-09-14 15:15:00,92
2015-09-14 15:20:00,79
2015-09-14 15:25:00,91
2015-09-14 15:30:00,82
2015-09-14 15:35:00,94
2015-09-14 15:40:00,87
2015-09-14 15:45:00,78
2015-09-14 15:50:00,81
2015-09-14 15:55:00,77
2015-09-14 16:00:00,81
2015-09-14 16:05:00,82
2015-09-14 16:10:00,71
2015-09-14 16:15:00,81
2015-09-14 16:20:00,83
2015-09-14 16:25:00,82
2015-09-14 16:30:00,93
2015-09-14 16:35:00,84
2015-09-14 16:40:00,94
2015-09-14 16:45:00,74
2015-09-14 16:50:00,87
2015-09-14 16:55:00,76
2015-09-14 17:00:00,98
2015-09-14 17:10:00,84
2015-09-14 17:15:00,80
2015-09-14 17:20:00,83
2015-09-14 17:25:00,66
2015-09-14 17:30:00,73
2015-09-14 17:35:00,84
2015-09-14 17:40:00,88
2015-09-14 17:45:00,69
2015-09-14 17:50:00,91
2015-09-14 17:55:00,86
2015-09-14 18:00:00,79
2015-09-14 18:05:00,83
2015-09-14 18:10:00,84
2015-09-14 18:15:00,71
2015-09-14 18:20:00,80
2015-09-14 18:25:00,63
2015-09-14 18:30:00,83
2015-09-14 18:35:00,85
2015-09-14 18:45:00,82
2015-09-14 18:50:00,90
2015-09-14 18:55:00,88
2015-09-14 19:01:00,86
2015-09-14 19:05:00,83
2015-09-14 19:10:00,87
2015-09-14 19:15:00,90
2015-09-14 19:20:00,86
2015-09-14 19:30:00,76
2015-09-14 19:35:00,85
2015-09-14 19:40:00,90
2015-09-14 19:45:00,73
2015-09-14 19:50:00,80
2015-09-14 19:55:00,83
2015-09-14 20:05:00,94
2015-09-14 20:10:00,78
2015-09-14 20:15:00,83
2015-09-14 20:20:00,74
2015-09-14 20:25:00,81
2015-09-14 20:30:00,82
2015-09-14 20:50:00,87
2015-09-14 20:55:00,86
2015-09-14 20:59:00,83
2015-09-14 21:05:00,56
2015-09-14 21:10:00,76
2015-09-14 21:25:00,82
2015-09-14 21:35:00,78
2015-09-14 21:45:00,91
2015-09-14 21:50:00,89
2015-09-14 21:55:00,87
2015-09-14 22:01:00,82
2015-09-14 22:06:00,74
2015-09-14 22:11:00,78
2015-09-14 22:16:00,82
2015-09-14 22:21:00,87
2015-09-14 22:25:00,66
2015-09-14 22:30:00,76
2015-09-14 22:40:00,79
2015-09-14 23:01:00,75
2015-09-14 23:06:00,84
2015-09-14 23:11:00,78
2015-09-14 23:15:00,85
2015-09-14 23:26:00,94
2015-09-14 23:31:00,75
2015-09-14 23:36:00,75
2015-09-14 23:41:00,70
2015-09-14 23:51:00,65
2015-09-14 23:56:00,58
2015-09-15 00:06:00,60
2015-09-15 00:11:00,60
2015-09-15 00:16:00,59
2015-09-15 00:20:00,57
2015-09-15 00:40:00,66
2015-09-15 00:56:00,75
2015-09-15 01:10:00,73
2015-09-15 01:15:00,65
2015-09-15 01:25:00,68
2015-09-15 01:35:00,74
2015-09-15 01:40:00,75
2015-09-15 01:45:00,72
2015-09-15 01:50:00,65
2015-09-15 01:55:00,66
2015-09-15 02:06:00,61
2015-09-15 02:11:00,67
2015-09-15 02:31:00,88
2015-09-15 02:41:00,80
2015-09-15 02:56:00,74
2015-09-15 03:01:00,73
2015-09-15 03:10:00,64
2015-09-15 03:20:00,82
2015-09-15 03:25:00,77
2015-09-15 03:30:00,87
2015-09-15 03:40:00,87
2015-09-15 03:45:00,91
2015-09-15 03:50:00,87
2015-09-15 04:01:00,75
2015-09-15 04:06:00,71
2015-09-15 04:10:00,67
2015-09-15 04:16:00,85
2015-09-15 04:21:00,85
2015-09-15 04:26:00,90
2015-09-15 04:31:00,88
2015-09-15 04:35:00,86
2015-09-15 04:46:00,86
2015-09-15 04:51:00,70
2015-09-15 04:55:00,78
2015-09-15 05:01:00,79
2015-09-15 05:05:00,87
2015-09-15 05:10:00,87
2015-09-15 05:15:00,79
2015-09-15 05:20:00,78
2015-09-15 05:26:00,79
2015-09-15 05:31:00,73
2015-09-15 05:36:00,85
2015-09-15 05:46:00,82
2015-09-15 05:51:00,95
2015-09-15 05:55:00,85
2015-09-15 06:00:00,89
2015-09-15 06:05:00,90
2015-09-15 06:10:00,94
2015-09-15 06:16:00,80
2015-09-15 06:20:00,89
2015-09-15 06:25:00,87
2015-09-15 06:30:00,84
2015-09-15 06:35:00,96
2015-09-15 06:41:00,80
2015-09-15 06:45:00,79
2015-09-15 06:50:00,80
2015-09-15 06:55:00,64
2015-09-15 07:00:00,74
2015-09-15 07:06:00,81
2015-09-15 07:11:00,83
2015-09-15 07:16:00,89
2015-09-15 07:21:00,86
2015-09-15 07:26:00,88
2015-09-15 07:31:00,78
2015-09-15 07:36:00,85
2015-09-15 07:41:00,84
2015-09-15 07:46:00,70
2015-09-15 07:51:00,72
2015-09-15 07:56:00,97
2015-09-15 08:01:00,91
2015-09-15 08:06:00,83
2015-09-15 08:11:00,74
2015-09-15 08:16:00,91
2015-09-15 08:21:00,71
2015-09-15 08:26:00,88
2015-09-15 08:31:00,95
2015-09-15 08:36:00,80
2015-09-15 08:41:00,73
2015-09-15 08:46:00,83
2015-09-15 08:51:00,78
2015-09-15 08:56:00,75
2015-09-15 09:01:00,75
2015-09-15 09:06:00,61
2015-09-15 09:11:00,96
2015-09-15 09:16:00,84
2015-09-15 09:21:00,82
2015-09-15 09:26:00,74
2015-09-15 09:31:00,86
2015-09-15 09:36:00,70
2015-09-15 09:41:00,91
2015-09-15 09:46:00,72
2015-09-15 09:51:00,79
2015-09-15 10:01:00,79
2015-09-15 10:06:00,80
2015-09-15 10:11:00,85
2015-09-15 10:21:00,89
2015-09-15 10:31:00,91
2015-09-15 10:36:00,78
2015-09-15 10:41:00,91
2015-09-15 10:46:00,84
2015-09-15 10:51:00,72
2015-09-15 11:01:00,82
2015-09-15 11:06:00,82
2015-09-15 11:11:00,82
2015-09-15 11:16:00,81
2015-09-15 11:21:00,84
2015-09-15 11:26:00,92
2015-09-15 11:31:00,99
2015-09-15 11:36:00,82
2015-09-15 11:41:00,82
2015-09-15 11:46:00,76
2015-09-15 11:51:00,65
2015-09-15 11:56:00,87
2015-09-15 12:01:00,76
2015-09-15 12:06:00,76
2015-09-15 12:11:00,89
2015-09-15 12:16:00,72
2015-09-15 12:21:00,68
2015-09-15 12:26:00,81
2015-09-15 12:31:00,87
2015-09-15 12:36:00,83
2015-09-15 12:46:00,88
2015-09-15 12:51:00,84
2015-09-15 12:56:00,78
2015-09-15 13:01:00,76
2015-09-15 13:06:00,75
2015-09-15 13:11:00,90
2015-09-15 13:16:00,88
2015-09-15 13:21:00,80
2015-09-15 13:26:00,75
2015-09-15 13:31:00,80
2015-09-15 13:36:00,92
2015-09-15 13:46:00,92
2015-09-15 13:51:00,90
2015-09-15 13:54:00,88
2015-09-15 13:59:00,84
2015-09-15 14:04:00,78
2015-09-15 14:09:00,79
2015-09-15 14:14:00,82
2015-09-15 14:19:00,90
2015-09-15 14:24:00,77
2015-09-15 14:29:00,87
2015-09-15 14:34:00,72
2015-09-15 14:39:00,84
2015-09-15 14:44:00,74
2015-09-15 14:49:00,88
2015-09-15 14:54:00,83
2015-09-15 15:04:00,76
2015-09-15 15:09:00,85
2015-09-15 15:14:00,85
2015-09-15 15:19:00,85
2015-09-15 15:24:00,100
2015-09-15 15:29:00,85
2015-09-15 15:34:00,86
2015-09-15 15:39:00,84
2015-09-15 15:44:00,95
2015-09-15 15:49:00,92
2015-09-15 15:54:00,77
2015-09-15 15:59:00,83
2015-09-15 16:04:00,79
2015-09-15 16:09:00,81
2015-09-15 16:14:00,79
2015-09-15 16:19:00,98
2015-09-15 16:24:00,70
2015-09-15 16:29:00,85
2015-09-15 16:34:00,90
2015-09-15 16:39:00,90
2015-09-15 16:44:00,93
2015-09-15 16:49:00,90
2015-09-15 16:54:00,75
2015-09-15 16:59:00,78
2015-09-15 17:04:00,93
2015-09-15 17:09:00,75
2015-09-15 17:14:00,78
2015-09-15 17:19:00,80
2015-09-15 17:24:00,88
2015-09-15 17:29:00,84
2015-09-15 17:34:00,86
2015-09-15 17:39:00,85
2015-09-15 17:44:00,85
2015-09-15 17:49:00,74
2015-09-15 17:54:00,92
2015-09-15 18:04:00,72
2015-09-15 18:09:00,76
2015-09-15 18:14:00,94
2015-09-15 18:19:00,92
2015-09-15 18:24:00,69
2015-09-15 18:29:00,76
2015-09-15 18:39:00,90
2015-09-15 18:44:00,87
2015-09-15 18:49:00,86
2015-09-15 18:54:00,86
2015-09-15 18:59:00,82
2015-09-15 19:04:00,80
2015-09-15 19:14:00,74
2015-09-15 19:24:00,87
2015-09-15 19:29:00,71
2015-09-15 19:34:00,80
2015-09-15 19:44:00,69
2015-09-15 19:49:00,81
2015-09-15 19:54:00,68
2015-09-15 19:59:00,91
2015-09-15 20:04:00,82
2015-09-15 20:09:00,77
2015-09-15 20:14:00,75
2015-09-15 20:19:00,73
2015-09-15 20:29:00,83
2015-09-15 20:34:00,75
2015-09-15 20:39:00,68
2015-09-15 20:44:00,79
2015-09-15 20:49:00,88
2015-09-15 20:54:00,82
2015-09-15 20:59:00,77
2015-09-15 21:04:00,72
2015-09-15 21:09:00,77
2015-09-15 21:14:00,81
2015-09-15 21:19:00,83
2015-09-15 21:24:00,76
2015-09-15 21:29:00,73
2015-09-15 21:34:00,64
2015-09-15 21:39:00,75
2015-09-15 21:44:00,79
2015-09-15 21:59:00,69
2015-09-15 22:09:00,78
2015-09-15 22:19:00,71
2015-09-15 22:24:00,77
2015-09-15 22:34:00,87
2015-09-15 22:44:00,72
2015-09-15 22:59:00,92
2015-09-15 23:04:00,86
2015-09-15 23:09:00,83
2015-09-15 23:19:00,89
2015-09-15 23:24:00,87
2015-09-15 23:29:00,84
2015-09-15 23:34:00,81
2015-09-15 23:39:00,72
2015-09-15 23:44:00,76
2015-09-15 23:49:00,79
2015-09-15 23:54:00,70
2015-09-16 00:09:00,78
2015-09-16 00:14:00,82
2015-09-16 00:19:00,91
2015-09-16 00:29:00,97
2015-09-16 00:34:00,103
2015-09-16 00:44:00,101
2015-09-16 00:49:00,105
2015-09-16 00:54:00,105
2015-09-16 01:04:00,89
2015-09-16 01:09:00,92
2015-09-16 01:14:00,91
2015-09-16 01:19:00,91
2015-09-16 01:24:00,95
2015-09-16 01:29:00,92
2015-09-16 01:34:00,94
2015-09-16 01:39:00,88
2015-09-16 02:04:00,62
2015-09-16 02:09:00,73
2015-09-16 02:24:00,87
2015-09-16 02:44:00,72
2015-09-16 02:49:00,67
2015-09-16 02:54:00,69
2015-09-16 02:59:00,57
2015-09-16 03:04:00,57
2015-09-16 03:14:00,77
2015-09-16 03:19:00,85
2015-09-16 03:29:00,74
2015-09-16 03:34:00,76
2015-09-16 03:39:00,70
2015-09-16 03:44:00,80
2015-09-16 03:49:00,80
2015-09-16 03:54:00,84
2015-09-16 03:59:00,83
2015-09-16 04:09:00,80
2015-09-16 04:14:00,75
2015-09-16 04:29:00,89
2015-09-16 04:34:00,85
2015-09-16 04:44:00,83
2015-09-16 04:49:00,85
2015-09-16 05:09:00,93
2015-09-16 05:14:00,90
2015-09-16 05:19:00,106
2015-09-16 05:24:00,94
2015-09-16 05:29:00,74
2015-09-16 05:39:00,98
2015-09-16 05:44:00,87
2015-09-16 05:49:00,82
2015-09-16 05:54:00,95
2015-09-16 05:59:00,91
2015-09-16 06:04:00,86
2015-09-16 06:09:00,81
2015-09-16 06:14:00,74
2015-09-16 06:19:00,80
2015-09-16 06:24:00,71
2015-09-16 06:29:00,86
2015-09-16 06:34:00,75
2015-09-16 06:39:00,82
2015-09-16 06:44:00,85
2015-09-16 06:49:00,91
2015-09-16 06:54:00,76
2015-09-16 06:59:00,84
2015-09-16 07:04:00,82
2015-09-16 07:09:00,77
2015-09-16 07:14:00,84
2015-09-16 07:19:00,77
2015-09-16 07:24:00,85
2015-09-16 07:29:00,95
2015-09-16 07:34:00,87
2015-09-16 07:39:00,81
2015-09-16 07:44:00,84
2015-09-16 07:49:00,84
2015-09-16 07:54:00,91
2015-09-16 07:59:00,86
2015-09-16 08:04:00,86
2015-09-16 08:09:00,77
2015-09-16 08:14:00,77
2015-09-16 08:19:00,82
2015-09-16 08:24:00,86
2015-09-16 08:29:00,84
2015-09-16 08:34:00,64
2015-09-16 08:39:00,83
2015-09-16 08:44:00,80
2015-09-16 08:49:00,78
2015-09-16 08:54:00,95
2015-09-16 08:59:00,93
2015-09-16 09:04:00,73
2015-09-16 09:09:00,86
2015-09-16 09:14:00,62
2015-09-16 09:19:00,86
2015-09-16 09:24:00,84
2015-09-16 09:29:00,78
2015-09-16 09:34:00,78
2015-09-16 09:39:00,79
2015-09-16 09:49:00,91
2015-09-16 09:54:00,70
2015-09-16 09:59:00,76
2015-09-16 10:04:00,93
2015-09-16 10:09:00,88
2015-09-16 10:14:00,83
2015-09-16 10:19:00,81
2015-09-16 10:24:00,90
2015-09-16 10:29:00,96
2015-09-16 10:34:00,81
2015-09-16 10:39:00,88
2015-09-16 10:44:00,70
2015-09-16 10:49:00,74
2015-09-16 10:54:00,64
2015-09-16 10:59:00,81
2015-09-16 11:04:00,76
2015-09-16 11:09:00,73
2015-09-16 11:14:00,83
2015-09-16 11:24:00,83
2015-09-16 11:29:00,62
2015-09-16 11:34:00,68
2015-09-16 11:39:00,84
2015-09-16 11:44:00,76
2015-09-16 11:49:00,81
2015-09-16 11:54:00,93
2015-09-16 11:59:00,92
2015-09-16 12:04:00,68
2015-09-16 12:09:00,84
2015-09-16 12:14:00,83
2015-09-16 12:19:00,85
2015-09-16 12:24:00,71
2015-09-16 12:29:00,78
2015-09-16 12:34:00,77
2015-09-16 12:39:00,77
2015-09-16 12:44:00,88
2015-09-16 12:49:00,80
2015-09-16 12:54:00,89
2015-09-16 12:59:00,89
2015-09-16 13:04:00,80
2015-09-16 13:09:00,72
2015-09-16 13:14:00,88
2015-09-16 13:19:00,72
2015-09-16 13:24:00,85
2015-09-16 13:29:00,85
2015-09-16 13:34:00,89
2015-09-16 13:39:00,82
2015-09-16 13:44:00,87
2015-09-16 13:54:00,69
2015-09-16 13:59:00,78
2015-09-16 14:04:00,87
2015-09-16 14:09:00,82
2015-09-16 14:14:00,78
2015-09-16 14:19:00,91
2015-09-16 14:24:00,83
2015-09-16 14:29:00,73
2015-09-16 14:30:00,75
2015-09-16 14:35:00,75
2015-09-16 14:40:00,83
2015-09-16 14:50:00,84
2015-09-16 14:55:00,85
2015-09-16 15:00:00,85
2015-09-16 15:05:00,86
2015-09-16 15:10:00,79
2015-09-16 15:15:00,85
2015-09-16 15:20:00,83
2015-09-16 15:25:00,78
2015-09-16 15:30:00,94
2015-09-16 15:35:00,83
2015-09-16 15:40:00,73
2015-09-16 15:45:00,67
2015-09-16 15:50:00,83
2015-09-16 15:55:00,81
2015-09-16 16:00:00,83
2015-09-16 16:05:00,68
2015-09-16 16:10:00,77
2015-09-16 16:15:00,70
2015-09-16 16:20:00,75
2015-09-16 16:25:00,74
2015-09-16 16:30:00,87
2015-09-16 16:35:00,85
2015-09-16 16:40:00,93
2015-09-16 16:45:00,75
2015-09-16 16:55:00,99
2015-09-16 17:00:00,84
2015-09-16 17:05:00,87
2015-09-16 17:10:00,82
2015-09-16 17:15:00,84
2015-09-16 17:20:00,76
2015-09-16 17:25:00,98
2015-09-16 17:30:00,87
2015-09-16 17:35:00,94
2015-09-16 17:45:00,92
2015-09-16 17:50:00,83
2015-09-16 17:55:00,76
2015-09-16 18:00:00,71
2015-09-16 18:05:00,84
2015-09-16 18:10:00,87
2015-09-16 18:15:00,90
2015-09-16 18:20:00,76
2015-09-16 18:30:00,89
2015-09-16 18:35:00,95
2015-09-16 18:40:00,84
2015-09-16 18:45:00,72
2015-09-16 18:50:00,83
2015-09-16 18:55:00,68
2015-09-16 19:00:00,93
2015-09-16 19:05:00,76
2015-09-16 19:10:00,93
2015-09-16 19:15:00,93
2015-09-16 19:20:00,88
2015-09-16 19:25:00,93
2015-09-16 19:30:00,84
2015-09-16 19:35:00,71
2015-09-16 19:40:00,72
2015-09-16 19:45:00,79
2015-09-16 19:50:00,79
2015-09-16 19:55:00,88
2015-09-16 20:00:00,80
2015-09-16 20:05:00,64
2015-09-16 20:10:00,78
2015-09-16 20:15:00,89
2015-09-16 20:20:00,82
2015-09-16 20:25:00,86
2015-09-16 20:30:00,81
2015-09-16 20:35:00,69
2015-09-16 20:40:00,68
2015-09-16 20:45:00,86
2015-09-16 20:50:00,93
2015-09-16 20:55:00,76
2015-09-16 21:00:00,80
2015-09-16 21:15:00,80
2015-09-16 21:20:00,82
2015-09-16 21:30:00,77
2015-09-16 21:35:00,78
2015-09-16 21:40:00,76
2015-09-16 21:45:00,73
2015-09-16 21:50:00,63
2015-09-16 21:55:00,63
2015-09-16 21:59:00,71
2015-09-16 22:05:00,82
2015-09-16 22:10:00,74
2015-09-16 22:14:00,75
2015-09-16 22:20:00,75
2015-09-16 22:25:00,89
2015-09-16 22:30:00,96
2015-09-16 22:35:00,75
2015-09-16 22:40:00,76
2015-09-16 22:45:00,89
2015-09-16 23:00:00,93
2015-09-16 23:05:00,85
2015-09-16 23:10:00,73
2015-09-16 23:15:00,77
2015-09-16 23:20:00,81
2015-09-16 23:40:00,63
2015-09-16 23:45:00,65
2015-09-16 23:50:00,66
2015-09-17 00:00:00,75
2015-09-17 00:10:00,58
2015-09-17 00:15:00,57
2015-09-17 00:25:00,78
2015-09-17 00:50:00,81
2015-09-17 00:59:00,83
2015-09-17 01:05:00,74
2015-09-17 01:15:00,68
2015-09-17 01:25:00,74
2015-09-17 01:40:00,71
2015-09-17 01:45:00,73
2015-09-17 01:50:00,74
2015-09-17 01:55:00,80
2015-09-17 02:00:00,78
2015-09-17 02:05:00,77
2015-09-17 02:15:00,83
2015-09-17 02:20:00,83
2015-09-17 02:25:00,84
2015-09-17 02:35:00,91
2015-09-17 02:40:00,93
2015-09-17 02:45:00,93
2015-09-17 02:50:00,91
2015-09-17 02:55:00,88
2015-09-17 03:00:00,84
2015-09-17 03:05:00,86
2015-09-17 03:10:00,80
2015-09-17 03:15:00,73
2015-09-17 03:20:00,71
2015-09-17 03:30:00,70
2015-09-17 03:35:00,69
2015-09-17 03:40:00,75
2015-09-17 03:45:00,82
2015-09-17 03:50:00,69
2015-09-17 03:55:00,70
2015-09-17 04:00:00,64
2015-09-17 04:05:00,66
2015-09-17 04:10:00,75
2015-09-17 04:15:00,81
2015-09-17 04:20:00,80
2015-09-17 04:25:00,84
2015-09-17 04:30:00,85
2015-09-17 04:35:00,87
2015-09-17 04:40:00,80
2015-09-17 04:45:00,71
2015-09-17 04:50:00,73
2015-09-17 04:55:00,74
2015-09-17 05:00:00,85
2015-09-17 05:05:00,82
2015-09-17 05:10:00,83
2015-09-17 05:15:00,85
2015-09-17 05:20:00,90
2015-09-17 05:25:00,82
2015-09-17 05:30:00,87
2015-09-17 05:35:00,88
2015-09-17 05:40:00,78
2015-09-17 05:45:00,88
2015-09-17 05:50:00,85
2015-09-17 05:55:00,81
2015-09-17 06:00:00,82
2015-09-17 06:05:00,76
2015-09-17 06:10:00,88
2015-09-17 06:15:00,83
2015-09-17 06:20:00,73
2015-09-17 06:25:00,75
2015-09-17 06:30:00,71
2015-09-17 06:35:00,75
2015-09-17 06:40:00,74
2015-09-17 06:45:00,80
2015-09-17 06:50:00,62
2015-09-17 06:55:00,66
2015-09-17 07:00:00,28
2015-09-17 07:05:00,68
2015-09-17 07:10:00,59
2015-09-17 07:15:00,20
2015-09-17 07:20:00,67
2015-09-17 07:25:00,61
2015-09-17 07:30:00,59
2015-09-17 07:35:00,29
2015-09-17 07:40:00,54
2015-09-17 07:45:00,86
2015-09-17 07:50:00,80
2015-09-17 07:55:00,68
2015-09-17 08:00:00,78
2015-09-17 08:05:00,89
2015-09-17 08:10:00,89
2015-09-17 08:15:00,89
2015-09-17 08:20:00,87
2015-09-17 08:25:00,81
2015-09-17 08:30:00,82
2015-09-17 08:35:00,82
2015-09-17 08:40:00,66
2015-09-17 08:45:00,53
2015-09-17 08:50:00,69
2015-09-17 08:55:00,71
2015-09-17 09:00:00,53
2015-09-17 09:05:00,70
2015-09-17 09:10:00,72
2015-09-17 09:15:00,75
2015-09-17 09:20:00,74
2015-09-17 09:25:00,87
2015-09-17 09:30:00,70
2015-09-17 09:35:00,77
2015-09-17 09:40:00,73
2015-09-17 09:45:00,70
2015-09-17 09:50:00,64
2015-09-17 09:55:00,68
2015-09-17 10:00:00,85
2015-09-17 10:05:00,70
2015-09-17 10:10:00,66
2015-09-17 10:15:00,80
2015-09-17 10:20:00,75
2015-09-17 10:25:00,74
2015-09-17 10:30:00,73
2015-09-17 10:35:00,67
2015-09-17 10:40:00,65
2015-09-17 10:45:00,79
2015-09-17 10:50:00,78
2015-09-17 10:55:00,76
2015-09-17 11:05:00,91
2015-09-17 11:10:00,87
2015-09-17 11:15:00,82
2015-09-17 11:20:00,92
2015-09-17 11:25:00,83
2015-09-17 11:30:00,82
2015-09-17 11:35:00,83
2015-09-17 11:40:00,67
2015-09-17 11:45:00,89
2015-09-17 11:50:00,80
2015-09-17 11:55:00,79
2015-09-17 12:00:00,87
2015-09-17 12:05:00,87
2015-09-17 12:10:00,77
2015-09-17 12:15:00,80
2015-09-17 12:20:00,84
2015-09-17 12:25:00,90
2015-09-17 12:30:00,87
2015-09-17 12:35:00,82
2015-09-17 12:40:00,83
2015-09-17 12:45:00,77
2015-09-17 12:50:00,86
2015-09-17 12:55:00,97
2015-09-17 13:00:00,87
2015-09-17 13:05:00,91
2015-09-17 13:10:00,75
2015-09-17 13:15:00,89
2015-09-17 13:20:00,77
2015-09-17 13:25:00,75
2015-09-17 13:30:00,83
2015-09-17 13:35:00,85
2015-09-17 13:40:00,83
2015-09-17 13:45:00,77
2015-09-17 13:50:00,75
2015-09-17 13:55:00,72
2015-09-17 14:00:00,79
2015-09-17 14:05:00,84
2015-09-17 14:10:00,71
2015-09-17 14:15:00,80
2015-09-17 14:20:00,71
2015-09-17 14:25:00,79
2015-09-17 14:30:00,83
2015-09-17 14:34:00,88
2015-09-17 14:39:00,78
2015-09-17 14:44:00,97
2015-09-17 14:49:00,81
2015-09-17 14:54:00,93
2015-09-17 14:58:00,77
2015-09-17 15:04:00,81
2015-09-17 15:08:00,74
2015-09-17 15:13:00,90
2015-09-17 15:18:00,77
2015-09-17 15:23:00,80
2015-09-17 15:28:00,88
2015-09-17 15:34:00,84
2015-09-17 15:38:00,78
2015-09-17 15:43:00,91
2015-09-17 15:48:00,83
2015-09-17 15:49:00,80
2015-09-17 15:54:00,77
2015-09-17 15:59:00,82
2015-09-17 16:04:00,81
2015-09-17 16:09:00,89
2015-09-17 16:14:00,87
2015-09-17 16:19:00,82
2015-09-17 16:24:00,83
